{
  "precision": 0.9345794392523364,
  "recall": 1.0,
  "f1_score": 0.966183574879227,
  "roc_auc": 1.0,
  "inference_latency_ms": 0.1066586971282959,
  "model_size_mb": 2.8,
  "throughput_samples_per_sec": 9375.700500045825,
  "total_samples": 1000,
  "true_positives": 100,
  "false_positives": 7,
  "true_negatives": 893,
  "false_negatives": 0,
  "benchmark_date": "2026-02-02T19:30:20.317818"
}