{
    "root_group": {
        "groups": {},
        "checks": {
                "status is 200": {
                    "name": "status is 200",
                    "path": "::status is 200",
                    "id": "6210a8cd14cd70477eba5c5e4cb3fb5f",
                    "passes": 1570,
                    "fails": 0
                }
            },
        "name": "",
        "path": "",
        "id": "d41d8cd98f00b204e9800998ecf8427e"
    },
    "metrics": {
        "checks": {
            "fails": 0,
            "passes": 1570,
            "value": 1
        },
        "http_req_waiting": {
            "max": 124.26926,
            "p(90)": 8.457071000000004,
            "p(95)": 14.39667445,
            "avg": 4.317391652866247,
            "min": 1.027663,
            "med": 2.5314725
        },
        "beacon_latency_ms": {
            "p(95)": 15,
            "avg": 4.789808917197452,
            "min": 1,
            "med": 3,
            "max": 125,
            "p(90)": 9,
            "thresholds": {
                "p(95)<100": false
            }
        },
        "http_req_sending": {
            "p(90)": 0.053006000000000025,
            "p(95)": 0.08636945,
            "avg": 0.04672429299363055,
            "min": 0.012967,
            "med": 0.028278,
            "max": 2.460968
        },
        "vus": {
            "value": 11,
            "min": 1,
            "max": 50
        },
        "iterations": {
            "count": 1570,
            "rate": 25.79168135640366
        },
        "http_reqs": {
            "count": 1570,
            "rate": 25.79168135640366
        },
        "http_req_connecting": {
            "p(90)": 0,
            "p(95)": 0,
            "avg": 0.016939810828025478,
            "min": 0,
            "med": 0,
            "max": 3.031451
        },
        "http_req_failed": {
            "passes": 0,
            "fails": 1570,
            "value": 0
        },
        "vus_max": {
            "max": 50,
            "value": 50,
            "min": 50
        },
        "data_received": {
            "count": 346786,
            "rate": 5696.938860421529
        },
        "failed_requests": {
            "passes": 0,
            "fails": 0,
            "thresholds": {
                "rate<0.01": false
            },
            "value": 0
        },
        "iteration_duration": {
            "med": 1003.754104,
            "max": 1125.234387,
            "p(90)": 1010.0481219000001,
            "p(95)": 1016.1036198,
            "avg": 1005.6052749713358,
            "min": 1001.478543
        },
        "http_req_duration{expected_response:true}": {
            "med": 2.727179,
            "max": 124.559239,
            "p(90)": 8.739050600000006,
            "p(95)": 14.801836899999998,
            "avg": 4.540852480254774,
            "min": 1.109583
        },
        "http_req_tls_handshaking": {
            "p(95)": 0,
            "avg": 0,
            "min": 0,
            "med": 0,
            "max": 0,
            "p(90)": 0
        },
        "data_sent": {
            "count": 353855,
            "rate": 5813.067137815425
        },
        "http_req_receiving": {
            "p(95)": 0.6269866499999995,
            "avg": 0.17673653439490442,
            "min": 0.023241,
            "med": 0.0812735,
            "max": 4.705547,
            "p(90)": 0.35454600000000003
        },
        "http_req_blocked": {
            "p(90)": 0.007930099999999999,
            "p(95)": 0.021165499999999997,
            "avg": 0.029456293630573213,
            "min": 0.002534,
            "med": 0.005087,
            "max": 4.78224
        },
        "http_req_duration": {
            "p(95)": 14.801836899999998,
            "avg": 4.540852480254774,
            "min": 1.109583,
            "med": 2.727179,
            "max": 124.559239,
            "p(90)": 8.739050600000006,
            "thresholds": {
                "p(95)<500": false
            }
        }
    }
}