{
    "root_group": {
        "id": "d41d8cd98f00b204e9800998ecf8427e",
        "groups": {},
        "checks": {
                "status is 200": {
                    "path": "::status is 200",
                    "id": "6210a8cd14cd70477eba5c5e4cb3fb5f",
                    "passes": 1568,
                    "fails": 0,
                    "name": "status is 200"
                }
            },
        "name": "",
        "path": ""
    },
    "metrics": {
        "http_req_blocked": {
            "max": 1.611704,
            "p(90)": 0.007585999999999999,
            "p(95)": 0.014834499999999955,
            "avg": 0.021970038903061127,
            "min": 0.002042,
            "med": 0.004817
        },
        "http_req_connecting": {
            "p(90)": 0,
            "p(95)": 0,
            "avg": 0.010210644132653062,
            "min": 0,
            "med": 0,
            "max": 1.052957
        },
        "http_req_sending": {
            "avg": 0.04657283864795913,
            "min": 0.00785,
            "med": 0.02613,
            "max": 2.774106,
            "p(90)": 0.046271299999999994,
            "p(95)": 0.07648879999999986
        },
        "http_req_waiting": {
            "avg": 5.617575345663268,
            "min": 0.987159,
            "med": 2.5515040000000004,
            "max": 135.005827,
            "p(90)": 10.668718599999995,
            "p(95)": 16.763040549999964
        },
        "iteration_duration": {
            "min": 1001.294356,
            "med": 1003.7003615,
            "max": 1135.702626,
            "p(90)": 1011.9287122000001,
            "p(95)": 1018.2193352999999,
            "avg": 1006.7762373150525
        },
        "http_req_receiving": {
            "p(95)": 0.20595799999999997,
            "avg": 0.09145354591836742,
            "min": 0.016382,
            "med": 0.069128,
            "max": 2.779845,
            "p(90)": 0.12791629999999998
        },
        "http_req_duration": {
            "p(90)": 10.9252886,
            "p(95)": 16.830873599999958,
            "avg": 5.7556017302295945,
            "min": 1.056102,
            "med": 2.6774725,
            "max": 135.061722,
            "thresholds": {
                "p(95)<500": false
            }
        },
        "http_reqs": {
            "count": 1568,
            "rate": 25.722019373027805
        },
        "http_req_tls_handshaking": {
            "avg": 0,
            "min": 0,
            "med": 0,
            "max": 0,
            "p(90)": 0,
            "p(95)": 0
        },
        "vus_max": {
            "value": 50,
            "min": 50,
            "max": 50
        },
        "failed_requests": {
            "passes": 0,
            "fails": 0,
            "thresholds": {
                "rate<0.01": false
            },
            "value": 0
        },
        "vus": {
            "value": 11,
            "min": 1,
            "max": 50
        },
        "iterations": {
            "count": 1568,
            "rate": 25.722019373027805
        },
        "http_req_duration{expected_response:true}": {
            "med": 2.6774725,
            "max": 135.061722,
            "p(90)": 10.9252886,
            "p(95)": 16.830873599999958,
            "avg": 5.7556017302295945,
            "min": 1.056102
        },
        "checks": {
            "passes": 1568,
            "fails": 0,
            "value": 1
        },
        "data_sent": {
            "count": 353405,
            "rate": 5797.378990130671
        },
        "beacon_latency_ms": {
            "p(95)": 17,
            "avg": 5.961734693877551,
            "min": 1,
            "med": 3,
            "max": 135,
            "p(90)": 11,
            "thresholds": {
                "p(95)<100": false
            }
        },
        "http_req_failed": {
            "passes": 0,
            "fails": 1568,
            "value": 0
        },
        "data_received": {
            "count": 346249,
            "rate": 5679.989468043052
        }
    }
}