{
    "metrics": {
        "vote_latency_ms": {
            "avg": 2.9434571890145396,
            "min": 1,
            "med": 2,
            "max": 28,
            "p(90)": 5,
            "p(95)": 7,
            "thresholds": {
                "p(95)<2000": false
            }
        },
        "http_req_sending": {
            "min": 0.013438,
            "med": 0.028158,
            "max": 4.215983,
            "p(90)": 0.059363200000000026,
            "p(95)": 0.08616130000000005,
            "avg": 0.04861036187399034
        },
        "failed_votes": {
            "fails": 0,
            "passes": 0,
            "thresholds": {
                "rate<0.02": false
            },
            "value": 0
        },
        "iterations": {
            "count": 619,
            "rate": 12.08412126292402
        },
        "http_req_failed": {
            "passes": 0,
            "fails": 619,
            "value": 0
        },
        "data_sent": {
            "count": 128496,
            "rate": 2508.4995893387477
        },
        "vus": {
            "value": 1,
            "min": 1,
            "max": 50
        },
        "iteration_duration": {
            "p(95)": 2007.6590173,
            "avg": 2003.83821626979,
            "min": 2001.358089,
            "med": 2003.127994,
            "max": 2028.257772,
            "p(90)": 2005.9064885999999
        },
        "http_req_tls_handshaking": {
            "p(95)": 0,
            "avg": 0,
            "min": 0,
            "med": 0,
            "max": 0,
            "p(90)": 0
        },
        "http_reqs": {
            "count": 619,
            "rate": 12.08412126292402
        },
        "vus_max": {
            "value": 50,
            "min": 50,
            "max": 50
        },
        "http_req_duration{expected_response:true}": {
            "med": 2.025686,
            "max": 27.374288,
            "p(90)": 4.762427800000002,
            "p(95)": 5.888188100000002,
            "avg": 2.725602037156705,
            "min": 1.074455
        },
        "checks": {
            "passes": 619,
            "fails": 0,
            "value": 1
        },
        "http_req_blocked": {
            "min": 0.003374,
            "med": 0.005187,
            "max": 6.622199,
            "p(90)": 0.01188020000000005,
            "p(95)": 0.2742333,
            "avg": 0.0476170452342488
        },
        "http_req_receiving": {
            "avg": 0.10675637964458805,
            "min": 0.047234,
            "med": 0.074019,
            "max": 5.105191,
            "p(90)": 0.14567640000000004,
            "p(95)": 0.20463860000000011
        },
        "http_req_connecting": {
            "min": 0,
            "med": 0,
            "max": 1.714521,
            "p(90)": 0,
            "p(95)": 0.20453020000000002,
            "avg": 0.024367549273021014
        },
        "http_req_duration": {
            "avg": 2.725602037156705,
            "min": 1.074455,
            "med": 2.025686,
            "max": 27.374288,
            "p(90)": 4.762427800000002,
            "p(95)": 5.888188100000002
        },
        "data_received": {
            "count": 120711,
            "rate": 2356.520778301812
        },
        "http_req_waiting": {
            "avg": 2.5702352956381236,
            "min": 0.994158,
            "med": 1.902492,
            "max": 27.27903,
            "p(90)": 4.511839000000002,
            "p(95)": 5.581419800000001
        }
    },
    "root_group": {
        "checks": {
            "status is 200": {
                "path": "::status is 200",
                "id": "6210a8cd14cd70477eba5c5e4cb3fb5f",
                "passes": 619,
                "fails": 0,
                "name": "status is 200"
            }
        },
        "name": "",
        "path": "",
        "id": "d41d8cd98f00b204e9800998ecf8427e",
        "groups": {}
    }
}