{
    "root_group": {
        "path": "",
        "id": "d41d8cd98f00b204e9800998ecf8427e",
        "groups": {},
        "checks": {
                "status is 200": {
                    "fails": 0,
                    "name": "status is 200",
                    "path": "::status is 200",
                    "id": "6210a8cd14cd70477eba5c5e4cb3fb5f",
                    "passes": 619
                }
            },
        "name": ""
    },
    "metrics": {
        "iteration_duration": {
            "avg": 2003.6412658352203,
            "min": 2001.391323,
            "med": 2003.004909,
            "max": 2028.790745,
            "p(90)": 2005.6421768,
            "p(95)": 2007.6493215
        },
        "checks": {
            "passes": 619,
            "fails": 0,
            "value": 1
        },
        "http_req_duration{expected_response:true}": {
            "max": 27.463067,
            "p(90)": 4.5708916,
            "p(95)": 6.2638618,
            "avg": 2.65254795476575,
            "min": 1.066075,
            "med": 2.000393
        },
        "http_req_sending": {
            "p(95)": 0.0763621,
            "avg": 0.03872142003231017,
            "min": 0.014469,
            "med": 0.028468,
            "max": 1.366666,
            "p(90)": 0.05368400000000002
        },
        "http_req_blocked": {
            "min": 0.003435,
            "med": 0.004977,
            "max": 2.668646,
            "p(90)": 0.009268,
            "p(95)": 0.2538582000000002,
            "avg": 0.04320681906300474
        },
        "data_sent": {
            "count": 128495,
            "rate": 2509.2381048481548
        },
        "http_req_duration": {
            "avg": 2.65254795476575,
            "min": 1.066075,
            "med": 2.000393,
            "max": 27.463067,
            "p(90)": 4.5708916,
            "p(95)": 6.2638618
        },
        "http_req_waiting": {
            "avg": 2.4412810710823902,
            "min": 0.98774,
            "med": 1.862378,
            "max": 27.054761,
            "p(90)": 4.269032400000001,
            "p(95)": 5.583734700000001
        },
        "failed_votes": {
            "passes": 0,
            "fails": 0,
            "thresholds": {
                "rate<0.02": false
            },
            "value": 0
        },
        "http_req_connecting": {
            "avg": 0.029831560581583205,
            "min": 0,
            "med": 0,
            "max": 2.575421,
            "p(90)": 0,
            "p(95)": 0.18587230000000002
        },
        "vus_max": {
            "min": 50,
            "max": 50,
            "value": 50
        },
        "iterations": {
            "rate": 12.08777296315816,
            "count": 619
        },
        "http_reqs": {
            "count": 619,
            "rate": 12.08777296315816
        },
        "data_received": {
            "count": 120707,
            "rate": 2357.154783625092
        },
        "vote_latency_ms": {
            "med": 2,
            "max": 28,
            "p(90)": 5,
            "p(95)": 7,
            "avg": 2.8432956381260097,
            "min": 1,
            "thresholds": {
                "p(95)<2000": false
            }
        },
        "vus": {
            "max": 50,
            "value": 1,
            "min": 1
        },
        "http_req_tls_handshaking": {
            "p(95)": 0,
            "avg": 0,
            "min": 0,
            "med": 0,
            "max": 0,
            "p(90)": 0
        },
        "http_req_failed": {
            "passes": 0,
            "fails": 619,
            "value": 0
        },
        "http_req_receiving": {
            "p(95)": 0.4646003000000011,
            "avg": 0.1725454636510503,
            "min": 0.047684,
            "med": 0.079617,
            "max": 3.15086,
            "p(90)": 0.32410480000000014
        }
    }
}