{
    "root_group": {
        "name": "",
        "path": "",
        "id": "d41d8cd98f00b204e9800998ecf8427e",
        "groups": {},
        "checks": {
                "status is 200": {
                    "fails": 0,
                    "name": "status is 200",
                    "path": "::status is 200",
                    "id": "6210a8cd14cd70477eba5c5e4cb3fb5f",
                    "passes": 494
                }
            }
    },
    "metrics": {
        "iteration_duration": {
            "avg": 1004.6911352469641,
            "min": 1001.225695,
            "med": 1003.2308694999999,
            "max": 1040.244913,
            "p(90)": 1008.5456942,
            "p(95)": 1012.37454915
        },
        "iterations": {
            "count": 494,
            "rate": 9.832967393437222
        },
        "http_req_sending": {
            "avg": 0.03441182995951416,
            "min": 0.009773,
            "med": 0.0220945,
            "max": 1.461823,
            "p(90)": 0.040011,
            "p(95)": 0.06631534999999998
        },
        "http_req_tls_handshaking": {
            "min": 0,
            "med": 0,
            "max": 0,
            "p(90)": 0,
            "p(95)": 0,
            "avg": 0
        },
        "http_req_failed": {
            "passes": 0,
            "fails": 494,
            "value": 0
        },
        "data_received": {
            "count": 136838,
            "rate": 2723.7319679821103
        },
        "http_req_connecting": {
            "p(95)": 0,
            "avg": 0.018727392712550608,
            "min": 0,
            "med": 0,
            "max": 3.206785,
            "p(90)": 0
        },
        "vus": {
            "value": 1,
            "min": 1,
            "max": 20
        },
        "gnn_recall_score": {
            "p(95)": 0,
            "avg": 0,
            "min": 0,
            "med": 0,
            "max": 0,
            "p(90)": 0,
            "thresholds": {
                "avg>=0.92": true
            }
        },
        "data_sent": {
            "count": 48365,
            "rate": 962.6952793190106
        },
        "http_req_blocked": {
            "max": 3.33073,
            "p(90)": 0.007501999999999999,
            "p(95)": 0.025279749999999865,
            "avg": 0.030662054655870446,
            "min": 0.002534,
            "med": 0.005112
        },
        "http_reqs": {
            "count": 494,
            "rate": 9.832967393437222
        },
        "http_req_waiting": {
            "max": 38.485475,
            "p(90)": 6.43241,
            "p(95)": 9.753490399999999,
            "avg": 3.3032934453441274,
            "min": 0.794943,
            "med": 2.0195685
        },
        "http_req_receiving": {
            "p(95)": 1.4023327999999997,
            "avg": 0.323131447368421,
            "min": 0.025704,
            "med": 0.0907415,
            "max": 10.21527,
            "p(90)": 0.7878295
        },
        "http_req_duration{expected_response:true}": {
            "avg": 3.6608367226720646,
            "min": 0.874188,
            "med": 2.1756525,
            "max": 38.6239,
            "p(90)": 7.3578912999999995,
            "p(95)": 10.862315999999998
        },
        "vus_max": {
            "value": 20,
            "min": 20,
            "max": 20
        },
        "checks": {
            "passes": 494,
            "fails": 0,
            "value": 1
        },
        "failed_predictions": {
            "passes": 0,
            "fails": 0,
            "thresholds": {
                "rate<0.05": false
            },
            "value": 0
        },
        "http_req_duration": {
            "min": 0.874188,
            "med": 2.1756525,
            "max": 38.6239,
            "p(90)": 7.3578912999999995,
            "p(95)": 10.862315999999998,
            "avg": 3.6608367226720646
        }
    }
}