{
    "metrics": {
        "http_reqs": {
            "count": 494,
            "rate": 9.850814876299518
        },
        "http_req_duration": {
            "avg": 1.8618322064777346,
            "min": 0.801371,
            "med": 1.4532370000000001,
            "max": 11.231107,
            "p(90)": 3.0732937,
            "p(95)": 3.849555649999999
        },
        "http_req_duration{expected_response:true}": {
            "avg": 1.8618322064777346,
            "min": 0.801371,
            "med": 1.4532370000000001,
            "max": 11.231107,
            "p(90)": 3.0732937,
            "p(95)": 3.849555649999999
        },
        "iterations": {
            "count": 494,
            "rate": 9.850814876299518
        },
        "gnn_recall_score": {
            "p(90)": 0,
            "p(95)": 0,
            "avg": 0,
            "min": 0,
            "med": 0,
            "max": 0,
            "thresholds": {
                "avg>=0.92": true
            }
        },
        "iteration_duration": {
            "min": 1001.015404,
            "med": 1002.389115,
            "max": 1019.81906,
            "p(90)": 1004.2267545999999,
            "p(95)": 1005.3322109,
            "avg": 1002.8236395242911
        },
        "http_req_sending": {
            "med": 0.020733,
            "max": 1.330488,
            "p(90)": 0.035428999999999995,
            "p(95)": 0.058376049999999936,
            "avg": 0.031353963562753044,
            "min": 0.011896
        },
        "http_req_receiving": {
            "avg": 0.09379030971659917,
            "min": 0.025634,
            "med": 0.07475,
            "max": 1.014495,
            "p(90)": 0.13488319999999995,
            "p(95)": 0.19505924999999988
        },
        "vus_max": {
            "value": 20,
            "min": 20,
            "max": 20
        },
        "data_sent": {
            "count": 48361,
            "rate": 964.3628709164393
        },
        "vus": {
            "min": 1,
            "max": 20,
            "value": 1
        },
        "failed_predictions": {
            "passes": 0,
            "fails": 0,
            "thresholds": {
                "rate<0.05": false
            },
            "value": 0
        },
        "checks": {
            "passes": 494,
            "fails": 0,
            "value": 1
        },
        "http_req_waiting": {
            "p(95)": 3.7172237499999987,
            "avg": 1.7366879331983796,
            "min": 0.736594,
            "med": 1.341372,
            "max": 11.131765,
            "p(90)": 2.9168385
        },
        "http_req_failed": {
            "passes": 0,
            "fails": 494,
            "value": 0
        },
        "data_received": {
            "count": 136838,
            "rate": 2728.675720734967
        },
        "http_req_connecting": {
            "p(90)": 0,
            "p(95)": 0,
            "avg": 0.0195900020242915,
            "min": 0,
            "med": 0,
            "max": 1.796961
        },
        "http_req_tls_handshaking": {
            "avg": 0,
            "min": 0,
            "med": 0,
            "max": 0,
            "p(90)": 0,
            "p(95)": 0
        },
        "http_req_blocked": {
            "p(95)": 0.030227149999999516,
            "avg": 0.031022943319838056,
            "min": 0.003264,
            "med": 0.004982,
            "max": 1.916381,
            "p(90)": 0.007500999999999998
        }
    },
    "root_group": {
        "name": "",
        "path": "",
        "id": "d41d8cd98f00b204e9800998ecf8427e",
        "groups": {},
        "checks": {
                "status is 200": {
                    "passes": 494,
                    "fails": 0,
                    "name": "status is 200",
                    "path": "::status is 200",
                    "id": "6210a8cd14cd70477eba5c5e4cb3fb5f"
                }
            }
    }
}