{
  "aggregates": {
    "corporate": {
      "all_runs_successful": true,
      "baseline_mean_gap_ms": {
        "count": 2,
        "max": 0.1584506,
        "mean": 0.1438761,
        "min": 0.1293016,
        "stdev": 0.014574500000000004
      },
      "claim_boundary": "Aggregate local timing comparison only; do not use as DPI, whitelist, kernel attach, or production evidence.",
      "mean_gap_delta_ms": {
        "count": 2,
        "max": 25.878749199999998,
        "mean": 24.8558753,
        "min": 23.833001400000004,
        "stdev": 1.022873899999997
      },
      "mean_gap_ratio": {
        "count": 2,
        "max": 201.14252878541333,
        "mean": 176.27767383514487,
        "min": 151.41281888487643,
        "stdev": 24.86485495026845
      },
      "mode": "corporate",
      "pulse_mean_gap_ms": {
        "count": 2,
        "max": 26.0080508,
        "mean": 24.9997514,
        "min": 23.991452000000002,
        "stdev": 1.0082993999999985
      },
      "replayable_runs": 2,
      "runs": 2,
      "sender_actual_mean_gap_ms": {
        "count": 2,
        "max": 25.993729,
        "mean": 24.9919655,
        "min": 23.990202,
        "stdev": 1.0017634999999991
      },
      "sender_planned_mean_delay_ms": {
        "count": 2,
        "max": 22.784443,
        "mean": 21.92387,
        "min": 21.063297,
        "stdev": 0.8605730000000005
      },
      "successful_runs": 2
    },
    "whitelist": {
      "all_runs_successful": true,
      "baseline_mean_gap_ms": {
        "count": 2,
        "max": 0.1290194,
        "mean": 0.1288291,
        "min": 0.1286388,
        "stdev": 0.00019030000000000435
      },
      "claim_boundary": "Aggregate local timing comparison only; do not use as DPI, whitelist, kernel attach, or production evidence.",
      "mean_gap_delta_ms": {
        "count": 2,
        "max": 66.55642959999999,
        "mean": 62.90556719999999,
        "min": 59.254704800000006,
        "stdev": 3.6508623999999905
      },
      "mean_gap_ratio": {
        "count": 2,
        "max": 516.8637352212147,
        "mean": 489.2461460398216,
        "min": 461.62855685842845,
        "stdev": 27.61758918139313
      },
      "mode": "whitelist",
      "pulse_mean_gap_ms": {
        "count": 2,
        "max": 66.68544899999999,
        "mean": 63.0343963,
        "min": 59.3833436,
        "stdev": 3.651052699999994
      },
      "replayable_runs": 2,
      "runs": 2,
      "sender_actual_mean_gap_ms": {
        "count": 2,
        "max": 66.672182,
        "mean": 63.02421100000001,
        "min": 59.37624,
        "stdev": 3.647971000000002
      },
      "sender_planned_mean_delay_ms": {
        "count": 2,
        "max": 60.536218,
        "mean": 57.163855,
        "min": 53.791492,
        "stdev": 3.372363
      },
      "successful_runs": 2
    }
  },
  "bundle": "docs/verification/ghost-pulse-profile-matrix-20260531T000535Z",
  "claim_boundary": {
    "kernel_attach_verified": false,
    "kernel_read_only_visible": false,
    "production_ready": false,
    "stealth_verified": false,
    "whitelist_verified": false
  },
  "decision": "PROFILE_MATRIX_LOCAL_VERIFIED_STEALTH_NOT_VERIFIED",
  "gates": {
    "ghost_core_shell_syntax": {
      "command": {
        "args": [
          "bash",
          "-n",
          "ghost-core.sh"
        ],
        "available": true,
        "returncode": 0,
        "stderr": "",
        "stdout": ""
      },
      "status": "PASS"
    },
    "python_compile": {
      "command": {
        "args": [
          "/usr/bin/python3",
          "-m",
          "py_compile",
          "scripts/ops/collect_ghost_pulse_local_evidence.py",
          "scripts/ops/run_ghost_pulse_profile_matrix.py",
          "src/network/transport/pulse_transport.py",
          "src/network/obfuscation/whitelist_mimicry.py",
          "src/network/mesh_node_complete.py"
        ],
        "available": true,
        "returncode": 0,
        "stderr": "",
        "stdout": ""
      },
      "status": "PASS"
    }
  },
  "kernel_read_only": {
    "claim_boundary": "Read-only inspection only; absence of visible data means no kernel attach claim.",
    "commands": {
      "bpftool_map": {
        "args": [
          "bpftool",
          "map",
          "show",
          "name",
          "pulse_stats"
        ],
        "available": true,
        "returncode": 255,
        "stderr": "Error: Operation not permitted\n",
        "stdout": ""
      },
      "bpftool_net": {
        "args": [
          "bpftool",
          "net"
        ],
        "available": true,
        "returncode": 255,
        "stderr": "Error: can't query prog: Operation not permitted\n",
        "stdout": ""
      },
      "bpftool_prog": {
        "args": [
          "bpftool",
          "prog",
          "show"
        ],
        "available": true,
        "returncode": 255,
        "stderr": "Error: can't get next program: Operation not permitted\n",
        "stdout": ""
      },
      "ip_links": {
        "args": [
          "ip",
          "-j",
          "link",
          "show"
        ],
        "available": true,
        "returncode": 0,
        "stderr": "",