{
  "aggregates": {
    "corporate": {
      "all_runs_successful": true,
      "baseline_mean_gap_ms": {
        "count": 2,
        "max": 0.3973188,
        "mean": 0.2929085,
        "min": 0.1884982,
        "stdev": 0.10441030000000001
      },
      "claim_boundary": "Aggregate local timing comparison only; do not use as DPI, whitelist, kernel attach, or production evidence.",
      "mean_gap_delta_ms": {
        "count": 2,
        "max": 40.2897282,
        "mean": 40.236407,
        "min": 40.1830858,
        "stdev": 0.05332119999999918
      },
      "mean_gap_ratio": {
        "count": 2,
        "max": 214.1749045879483,
        "mean": 158.2894681562993,
        "min": 102.40403172465032,
        "stdev": 55.88543643164899
      },
      "mode": "corporate",
      "pulse_mean_gap_ms": {
        "count": 2,
        "max": 40.687047,
        "mean": 40.529315499999996,
        "min": 40.371584,
        "stdev": 0.15773150000000058
      },
      "replayable_runs": 2,
      "runs": 2,
      "sender_actual_mean_gap_ms": {
        "count": 2,
        "max": 40.68470001220703,
        "mean": 40.5256986618042,
        "min": 40.36669731140137,
        "stdev": 0.15900135040283203
      },
      "sender_planned_mean_delay_ms": {
        "count": 2,
        "max": 40.28907091228464,
        "mean": 39.998892694869824,
        "min": 39.708714477455,
        "stdev": 0.2901782174148231
      },
      "successful_runs": 2
    },
    "whitelist": {
      "all_runs_successful": true,
      "baseline_mean_gap_ms": {
        "count": 2,
        "max": 0.1783514,
        "mean": 0.1717038,
        "min": 0.1650562,
        "stdev": 0.0066476000000000035
      },
      "claim_boundary": "Aggregate local timing comparison only; do not use as DPI, whitelist, kernel attach, or production evidence.",
      "mean_gap_delta_ms": {
        "count": 2,
        "max": 779.8971568,
        "mean": 644.54039,
        "min": 509.18362320000006,
        "stdev": 135.35676679999995
      },
      "mean_gap_ratio": {
        "count": 2,
        "max": 4373.812082215222,
        "mean": 3729.861347845559,
        "min": 3085.9106134758954,
        "stdev": 643.9507343696635
      },
      "mode": "whitelist",
      "pulse_mean_gap_ms": {
        "count": 2,
        "max": 780.0755082,
        "mean": 644.7120938,
        "min": 509.34867940000004,
        "stdev": 135.36341439999995
      },
      "replayable_runs": 2,
      "runs": 2,
      "sender_actual_mean_gap_ms": {
        "count": 2,
        "max": 780.0866603851318,
        "mean": 644.7144985198975,
        "min": 509.3423366546631,
        "stdev": 135.37216186523438
      },
      "sender_planned_mean_delay_ms": {
        "count": 2,
        "max": 1142.6162647500826,
        "mean": 783.3044611244208,
        "min": 423.992657498759,
        "stdev": 359.3118036256618
      },
      "successful_runs": 2
    }
  },
  "bundle": "docs/verification/ghost-pulse-profile-matrix-20260522T005403Z",
  "claim_boundary": {
    "kernel_attach_verified": false,
    "kernel_read_only_visible": false,
    "production_ready": false,
    "stealth_verified": false,
    "whitelist_verified": false
  },
  "decision": "PROFILE_MATRIX_LOCAL_VERIFIED_STEALTH_NOT_VERIFIED",
  "gates": {
    "ghost_core_shell_syntax": {
      "command": {
        "args": [
          "bash",
          "-n",
          "ghost-core.sh"
        ],
        "available": true,
        "returncode": 0,
        "stderr": "",
        "stdout": ""
      },
      "status": "PASS"
    },
    "python_compile": {
      "command": {
        "args": [
          "/usr/bin/python3",
          "-m",
          "py_compile",
          "scripts/ops/collect_ghost_pulse_local_evidence.py",
          "scripts/ops/run_ghost_pulse_profile_matrix.py",
          "src/network/transport/pulse_transport.py",
          "src/network/obfuscation/whitelist_mimicry.py",
          "src/network/mesh_node_complete.py"
        ],
        "available": true,
        "returncode": 0,
        "stderr": "",
        "stdout": ""
      },
      "status": "PASS"
    }
  },
  "kernel_read_only": {
    "claim_boundary": "Read-only inspection only; absence of visible data means no kernel attach claim.",
    "commands": {
      "bpftool_map": {
        "args": [
          "bpftool",
          "map",
          "show",
          "name",
          "pulse_stats"
        ],
        "available": true,
        "returncode": 255,
        "stderr": "Error: Operation not permitted\n",
        "stdout": ""
      },
      "bpftool_net": {
        "args": [
          "bpftool",
          "net"
        ],
        "available": true,
        "returncode": 255,
        "stderr": "Error: can't query prog: Operation not permitted\n",
        "stdout": ""
      },
      "bpftool_prog": {
        "args": [
          "bpftool",
          "prog",
          "show"
        ],
        "available": true,
        "returncode": 255,
        "stderr": "Error: can't get next program: Operation not permitted\n",
        "stdout": ""
      },
      "ip_links": {
        "args": [
          "ip",
          "-j",
          "link",
          "show"
        ],
        "available": true,
        "returncode": 0,
        "stderr": "",