{
  "aggregates": {
    "corporate": {
      "all_runs_successful": true,
      "baseline_mean_gap_ms": {
        "count": 2,
        "max": 0.1931912222222222,
        "mean": 0.1621962777777778,
        "min": 0.13120133333333334,
        "stdev": 0.030994944444444436
      },
      "claim_boundary": "Aggregate local timing comparison only; do not use as DPI, whitelist, kernel attach, or production evidence.",
      "mean_gap_delta_ms": {
        "count": 2,
        "max": 27.385198555555558,
        "mean": 25.916225611111113,
        "min": 24.447252666666667,
        "stdev": 1.4689729444444453
      },
      "mean_gap_ratio": {
        "count": 2,
        "max": 187.33387363949552,
        "mean": 165.04282403799613,
        "min": 142.75177443649673,
        "stdev": 22.291049601499395
      },
      "mode": "corporate",
      "pulse_mean_gap_ms": {
        "count": 2,
        "max": 27.57838977777778,
        "mean": 26.07842188888889,
        "min": 24.578454,
        "stdev": 1.4999678888888894
      },
      "replayable_runs": 2,
      "runs": 2,
      "sender_actual_mean_gap_ms": {
        "count": 2,
        "max": 27.465476,
        "mean": 26.0049105,
        "min": 24.544345,
        "stdev": 1.4605654999999995
      },
      "sender_planned_mean_delay_ms": {
        "count": 2,
        "max": 24.88522,
        "mean": 23.5956875,
        "min": 22.306155,
        "stdev": 1.2895325
      },
      "successful_runs": 2
    },
    "whitelist": {
      "all_runs_successful": true,
      "baseline_mean_gap_ms": {
        "count": 2,
        "max": 1.6047635555555555,
        "mean": 0.8800548333333333,
        "min": 0.1553461111111111,
        "stdev": 0.7247087222222222
      },
      "claim_boundary": "Aggregate local timing comparison only; do not use as DPI, whitelist, kernel attach, or production evidence.",
      "mean_gap_delta_ms": {
        "count": 2,
        "max": 70.635697,
        "mean": 67.58175927777778,
        "min": 64.52782155555556,
        "stdev": 3.0539377222222157
      },
      "mean_gap_ratio": {
        "count": 2,
        "max": 455.69884308515395,
        "mean": 248.45450846711663,
        "min": 41.210173849079325,
        "stdev": 207.24433461803733
      },
      "mode": "whitelist",
      "pulse_mean_gap_ms": {
        "count": 2,
        "max": 70.79104311111111,
        "mean": 68.46181411111111,
        "min": 66.13258511111111,
        "stdev": 2.329228999999998
      },
      "replayable_runs": 2,
      "runs": 2,
      "sender_actual_mean_gap_ms": {
        "count": 2,
        "max": 70.791483,
        "mean": 68.4605835,
        "min": 66.129684,
        "stdev": 2.330899500000001
      },
      "sender_planned_mean_delay_ms": {
        "count": 2,
        "max": 65.64991,
        "mean": 63.1895375,
        "min": 60.729165,
        "stdev": 2.460372500000002
      },
      "successful_runs": 2
    }
  },
  "bundle": "docs/verification/ghost-pulse-profile-matrix-20260711T102558Z",
  "claim_boundary": {
    "kernel_attach_verified": false,
    "kernel_read_only_visible": true,
    "production_ready": false,
    "stealth_verified": false,
    "whitelist_verified": false
  },
  "decision": "PROFILE_MATRIX_LOCAL_VERIFIED_STEALTH_NOT_VERIFIED",
  "gates": {
    "ghost_core_shell_syntax": {
      "command": {
        "args": [
          "bash",
          "-n",
          "scripts/ghost-core.sh"
        ],
        "available": true,
        "returncode": 0,
        "stderr": "",
        "stdout": ""
      },
      "status": "PASS"
    },
    "python_compile": {
      "command": {
        "args": [
          "/usr/bin/python3",
          "-m",
          "py_compile",
          "scripts/ops/collect_ghost_pulse_local_evidence.py",
          "scripts/ops/run_ghost_pulse_profile_matrix.py",
          "src/network/transport/pulse_transport.py",
          "src/network/obfuscation/whitelist_mimicry.py",
          "src/network/mesh_node_complete.py"
        ],
        "available": true,
        "returncode": 0,
        "stderr": "",
        "stdout": ""
      },
      "status": "PASS"
    }
  },
  "kernel_read_only": {
    "claim_boundary": "Read-only inspection only; absence of visible data means no kernel attach claim.",
    "commands": {
      "bpftool_map": {
        "args": [
          "bpftool",
          "map",
          "show",
          "name",
          "pulse_stats"
        ],
        "available": true,
        "returncode": 255,
        "stderr": "Error: Operation not permitted\n",
        "stdout": ""
      },
      "bpftool_net": {
        "args": [
          "bpftool",
          "net"
        ],
        "available": true,
        "returncode": 255,
        "stderr": "Error: can't query prog: Operation not permitted\n",
        "stdout": ""
      },
      "bpftool_prog": {
        "args": [
          "bpftool",
          "prog",
          "show"
        ],
        "available": true,
        "returncode": 255,
        "stderr": "Error: can't get next program: Operation not permitted\n",
        "stdout": ""
      },
      "ip_links": {
        "args": [
          "ip",
          "-j",
          "link",
          "show"
        ],
        "available": true,
        "returncode": 0,
        "stderr": "",